-- Generated from the Base44 CSV exports. Run after schema.sql.
begin;
insert into members (id, name, pose_variant, activity_state_override, expected_return_date, pin_hash, created_at, updated_at) values ('69eefe57479beb6eb9d3ab94', 'Lisa', 'back-high-step', null, null, crypt('0000', gen_salt('bf')), '2026-04-27T06:12:39.003000', '2026-04-27T06:12:39.003000') on conflict (id) do update set name = excluded.name, pose_variant = excluded.pose_variant, activity_state_override = excluded.activity_state_override, expected_return_date = excluded.expected_return_date, updated_at = excluded.updated_at;
insert into members (id, name, pose_variant, activity_state_override, expected_return_date, pin_hash, created_at, updated_at) values ('69df96d203f16d16fa359849', 'Roel', 'back-frog-sit', null, '2026-04-18', crypt('0000', gen_salt('bf')), '2026-04-15T13:46:58.589000', '2026-04-15T22:32:03.352000') on conflict (id) do update set name = excluded.name, pose_variant = excluded.pose_variant, activity_state_override = excluded.activity_state_override, expected_return_date = excluded.expected_return_date, updated_at = excluded.updated_at;
insert into members (id, name, pose_variant, activity_state_override, expected_return_date, pin_hash, created_at, updated_at) values ('69de89a204b6c76cca2ee8aa', 'Blablableh', 'back-high-flag', null, null, crypt('0000', gen_salt('bf')), '2026-04-14T18:38:26.372000', '2026-04-15T16:42:11.489000') on conflict (id) do update set name = excluded.name, pose_variant = excluded.pose_variant, activity_state_override = excluded.activity_state_override, expected_return_date = excluded.expected_return_date, updated_at = excluded.updated_at;
insert into members (id, name, pose_variant, activity_state_override, expected_return_date, pin_hash, created_at, updated_at) values ('69de8141b641914647ac4807', 'W', 'back-straight-hang', null, null, crypt('0000', gen_salt('bf')), '2026-04-14T18:02:41.063000', '2026-06-25T20:11:26.980000') on conflict (id) do update set name = excluded.name, pose_variant = excluded.pose_variant, activity_state_override = excluded.activity_state_override, expected_return_date = excluded.expected_return_date, updated_at = excluded.updated_at;
insert into members (id, name, pose_variant, activity_state_override, expected_return_date, pin_hash, created_at, updated_at) values ('69de6ed4d2ed611cdd74ff6f', 'Tim', 'back-side-reach', null, '2077-08-16', crypt('0000', gen_salt('bf')), '2026-04-14T16:44:04.185000', '2026-04-14T19:05:05.894000') on conflict (id) do update set name = excluded.name, pose_variant = excluded.pose_variant, activity_state_override = excluded.activity_state_override, expected_return_date = excluded.expected_return_date, updated_at = excluded.updated_at;
insert into members (id, name, pose_variant, activity_state_override, expected_return_date, pin_hash, created_at, updated_at) values ('69de696486dbd8b0c38ff2e0', 'Mathieu', 'back-high-step', null, null, crypt('0000', gen_salt('bf')), '2026-04-14T16:20:52.053000', '2026-06-25T20:10:59.643000') on conflict (id) do update set name = excluded.name, pose_variant = excluded.pose_variant, activity_state_override = excluded.activity_state_override, expected_return_date = excluded.expected_return_date, updated_at = excluded.updated_at;
insert into members (id, name, pose_variant, activity_state_override, expected_return_date, pin_hash, created_at, updated_at) values ('69de66ae4c1866a759800426', 'V', 'back-side-reach', 'supposed_to_be_resting', null, crypt('0000', gen_salt('bf')), '2026-04-14T16:09:18.207000', '2026-04-15T19:46:19.719000') on conflict (id) do update set name = excluded.name, pose_variant = excluded.pose_variant, activity_state_override = excluded.activity_state_override, expected_return_date = excluded.expected_return_date, updated_at = excluded.updated_at;
insert into members (id, name, pose_variant, activity_state_override, expected_return_date, pin_hash, created_at, updated_at) values ('69de6176d02099e81b39f5e5', 'Anonymous 3', 'back-frog-sit', null, null, crypt('0000', gen_salt('bf')), '2026-04-14T15:47:02.609000', '2026-04-14T16:33:29.477000') on conflict (id) do update set name = excluded.name, pose_variant = excluded.pose_variant, activity_state_override = excluded.activity_state_override, expected_return_date = excluded.expected_return_date, updated_at = excluded.updated_at;
insert into members (id, name, pose_variant, activity_state_override, expected_return_date, pin_hash, created_at, updated_at) values ('69de60c82066868e774a911c', 'Andrius', 'back-straight-hang', 'resting', null, crypt('0000', gen_salt('bf')), '2026-04-14T15:44:08.497000', '2026-04-14T18:47:48.457000') on conflict (id) do update set name = excluded.name, pose_variant = excluded.pose_variant, activity_state_override = excluded.activity_state_override, expected_return_date = excluded.expected_return_date, updated_at = excluded.updated_at;
insert into members (id, name, pose_variant, activity_state_override, expected_return_date, pin_hash, created_at, updated_at) values ('69de5d2206eb9d520685c3e0', 'Chee', 'back-high-flag', null, null, crypt('0000', gen_salt('bf')), '2026-04-14T15:28:34.243000', '2026-04-14T16:56:22.099000') on conflict (id) do update set name = excluded.name, pose_variant = excluded.pose_variant, activity_state_override = excluded.activity_state_override, expected_return_date = excluded.expected_return_date, updated_at = excluded.updated_at;
insert into members (id, name, pose_variant, activity_state_override, expected_return_date, pin_hash, created_at, updated_at) values ('69dd5147356d7d0ee50227a9', 'Wessel', 'back-high-step', null, null, crypt('0000', gen_salt('bf')), '2026-04-13T20:25:43.681000', '2026-04-27T14:36:17.220000') on conflict (id) do update set name = excluded.name, pose_variant = excluded.pose_variant, activity_state_override = excluded.activity_state_override, expected_return_date = excluded.expected_return_date, updated_at = excluded.updated_at;
insert into members (id, name, pose_variant, activity_state_override, expected_return_date, pin_hash, created_at, updated_at) values ('69dd4f4bf6aa257f3edbb82d', 'Sujin de pujin', 'back-frog-sit', null, null, crypt('0000', gen_salt('bf')), '2026-04-13T20:17:15', '2026-04-27T14:35:36.840000') on conflict (id) do update set name = excluded.name, pose_variant = excluded.pose_variant, activity_state_override = excluded.activity_state_override, expected_return_date = excluded.expected_return_date, updated_at = excluded.updated_at;
insert into injuries (id, member_id, injury_status, notes, expected_return_date, body_part_key, injury_title, is_current, start_date, created_at, updated_at) values ('69ef7460a947f4aba589201f', '69dd5147356d7d0ee50227a9', 'climbable', 'Uh oh', null, 'left_ring', 'Left Ring Finger', true, '2026-04-27', '2026-04-27T14:36:16.253000', '2026-04-27T14:36:16.253000') on conflict (id) do update set injury_status = excluded.injury_status, notes = excluded.notes, expected_return_date = excluded.expected_return_date, body_part_key = excluded.body_part_key, injury_title = excluded.injury_title, is_current = excluded.is_current, start_date = excluded.start_date, updated_at = excluded.updated_at;
insert into injuries (id, member_id, injury_status, notes, expected_return_date, body_part_key, injury_title, is_current, start_date, created_at, updated_at) values ('69e011be7414a3cda4e51bab', '69df96d203f16d16fa359849', 'climbable', 'Pulleys Going down the list', null, 'right_pinky', 'Right Ring Finger, Right Pinky Finger', false, null, '2026-04-15T22:31:26.216000', '2026-04-15T22:32:01.041000') on conflict (id) do update set injury_status = excluded.injury_status, notes = excluded.notes, expected_return_date = excluded.expected_return_date, body_part_key = excluded.body_part_key, injury_title = excluded.injury_title, is_current = excluded.is_current, start_date = excluded.start_date, updated_at = excluded.updated_at;
insert into injuries (id, member_id, injury_status, notes, expected_return_date, body_part_key, injury_title, is_current, start_date, created_at, updated_at) values ('69df9733e71985cea14c2eb5', '69df96d203f16d16fa359849', 'climbable', 'Inflamed tendon. Hopefully no pulley ', '2026-04-18', 'right_middle', 'Right Middle Finger', true, '2026-02-21', '2026-04-15T13:48:35.534000', '2026-04-15T22:30:00.902000') on conflict (id) do update set injury_status = excluded.injury_status, notes = excluded.notes, expected_return_date = excluded.expected_return_date, body_part_key = excluded.body_part_key, injury_title = excluded.injury_title, is_current = excluded.is_current, start_date = excluded.start_date, updated_at = excluded.updated_at;
insert into injuries (id, member_id, injury_status, notes, expected_return_date, body_part_key, injury_title, is_current, start_date, created_at, updated_at) values ('69df310b2587fd6a144c99cb', '69de66ae4c1866a759800426', 'no_climbing', 'Wrath of slab at Monk', null, 'left_ankle', 'Left Ankle', false, '2020-11-15', '2026-04-15T06:32:43.496000', '2026-04-15T06:32:43.496000') on conflict (id) do update set injury_status = excluded.injury_status, notes = excluded.notes, expected_return_date = excluded.expected_return_date, body_part_key = excluded.body_part_key, injury_title = excluded.injury_title, is_current = excluded.is_current, start_date = excluded.start_date, updated_at = excluded.updated_at;
insert into injuries (id, member_id, injury_status, notes, expected_return_date, body_part_key, injury_title, is_current, start_date, created_at, updated_at) values ('69df30b253d73abc28c12f54', '69de66ae4c1866a759800426', 'no_climbing', 'Sprained ankle injury from B2', null, 'right_ankle', 'Right Ankle', false, '2022-11-06', '2026-04-15T06:31:14.620000', '2026-04-15T06:34:28.980000') on conflict (id) do update set injury_status = excluded.injury_status, notes = excluded.notes, expected_return_date = excluded.expected_return_date, body_part_key = excluded.body_part_key, injury_title = excluded.injury_title, is_current = excluded.is_current, start_date = excluded.start_date, updated_at = excluded.updated_at;
insert into injuries (id, member_id, injury_status, notes, expected_return_date, body_part_key, injury_title, is_current, start_date, created_at, updated_at) values ('69de9842362e02575a2e439c', '69dd4f4bf6aa257f3edbb82d', 'risky', 'brain don’t want to work', '2026-04-21', 'head', 'Head', false, '2026-04-14', '2026-04-14T19:40:50.770000', '2026-04-20T21:47:19.692000') on conflict (id) do update set injury_status = excluded.injury_status, notes = excluded.notes, expected_return_date = excluded.expected_return_date, body_part_key = excluded.body_part_key, injury_title = excluded.injury_title, is_current = excluded.is_current, start_date = excluded.start_date, updated_at = excluded.updated_at;
insert into injuries (id, member_id, injury_status, notes, expected_return_date, body_part_key, injury_title, is_current, start_date, created_at, updated_at) values ('69de8fcf3624ed403d194074', '69de6ed4d2ed611cdd74ff6f', 'climbable', 'Childhood trauma', '2077-08-16', 'head', 'Head', true, '1997-09-05', '2026-04-14T19:04:47.850000', '2026-04-14T19:04:47.850000') on conflict (id) do update set injury_status = excluded.injury_status, notes = excluded.notes, expected_return_date = excluded.expected_return_date, body_part_key = excluded.body_part_key, injury_title = excluded.injury_title, is_current = excluded.is_current, start_date = excluded.start_date, updated_at = excluded.updated_at;
insert into injuries (id, member_id, injury_status, notes, expected_return_date, body_part_key, injury_title, is_current, start_date, created_at, updated_at) values ('69de8b874840d6785874a140', '69de89a204b6c76cca2ee8aa', 'no_climbing', 'Probably torn ligament', null, 'right_ring', 'Right Ring Finger', true, '2026-02-28', '2026-04-14T18:46:31.740000', '2026-04-14T18:46:31.740000') on conflict (id) do update set injury_status = excluded.injury_status, notes = excluded.notes, expected_return_date = excluded.expected_return_date, body_part_key = excluded.body_part_key, injury_title = excluded.injury_title, is_current = excluded.is_current, start_date = excluded.start_date, updated_at = excluded.updated_at;
insert into injuries (id, member_id, injury_status, notes, expected_return_date, body_part_key, injury_title, is_current, start_date, created_at, updated_at) values ('69de8ae1291b9f2257a9f00b', '69de89a204b6c76cca2ee8aa', 'risky', 'Getting old🥲', null, 'right_shoulder', 'Injury', true, '2023-02-06', '2026-04-14T18:43:45.524000', '2026-04-15T16:42:10.176000') on conflict (id) do update set injury_status = excluded.injury_status, notes = excluded.notes, expected_return_date = excluded.expected_return_date, body_part_key = excluded.body_part_key, injury_title = excluded.injury_title, is_current = excluded.is_current, start_date = excluded.start_date, updated_at = excluded.updated_at;
insert into injuries (id, member_id, injury_status, notes, expected_return_date, body_part_key, injury_title, is_current, start_date, created_at, updated_at) values ('69de89f0aa45069328e91661', '69de89a204b6c76cca2ee8aa', 'no_climbing', 'Torn MCL', null, 'left_knee', 'Left Knee', false, '2024-02-08', '2026-04-14T18:39:44.337000', '2026-04-14T18:44:30.222000') on conflict (id) do update set injury_status = excluded.injury_status, notes = excluded.notes, expected_return_date = excluded.expected_return_date, body_part_key = excluded.body_part_key, injury_title = excluded.injury_title, is_current = excluded.is_current, start_date = excluded.start_date, updated_at = excluded.updated_at;
insert into injuries (id, member_id, injury_status, notes, expected_return_date, body_part_key, injury_title, is_current, start_date, created_at, updated_at) values ('69de81db29b91dfc48424d32', '69de8141b641914647ac4807', 'risky', 'Not seen a physio yet', '2026-04-25', 'right_thumb', 'Right Thumb', false, '2026-03-29', '2026-04-14T18:05:15.008000', '2026-06-25T20:11:26.711000') on conflict (id) do update set injury_status = excluded.injury_status, notes = excluded.notes, expected_return_date = excluded.expected_return_date, body_part_key = excluded.body_part_key, injury_title = excluded.injury_title, is_current = excluded.is_current, start_date = excluded.start_date, updated_at = excluded.updated_at;
insert into injuries (id, member_id, injury_status, notes, expected_return_date, body_part_key, injury_title, is_current, start_date, created_at, updated_at) values ('69de77343189f76b0a793fed', '69de696486dbd8b0c38ff2e0', 'no_climbing', 'Broken bone', '2026-06-06', 'right_thumb', 'Right Thumb', false, '2026-03-08', '2026-04-14T17:19:48.162000', '2026-06-25T20:10:59.366000') on conflict (id) do update set injury_status = excluded.injury_status, notes = excluded.notes, expected_return_date = excluded.expected_return_date, body_part_key = excluded.body_part_key, injury_title = excluded.injury_title, is_current = excluded.is_current, start_date = excluded.start_date, updated_at = excluded.updated_at;
insert into injuries (id, member_id, injury_status, notes, expected_return_date, body_part_key, injury_title, is_current, start_date, created_at, updated_at) values ('69de6f2ea154948c95790448', '69de6ed4d2ed611cdd74ff6f', 'climbable', '', '2027-01-01', 'left_shoulder', 'Left Shoulder', true, '2026-01-01', '2026-04-14T16:45:34.146000', '2026-04-14T16:45:34.146000') on conflict (id) do update set injury_status = excluded.injury_status, notes = excluded.notes, expected_return_date = excluded.expected_return_date, body_part_key = excluded.body_part_key, injury_title = excluded.injury_title, is_current = excluded.is_current, start_date = excluded.start_date, updated_at = excluded.updated_at;
insert into injuries (id, member_id, injury_status, notes, expected_return_date, body_part_key, injury_title, is_current, start_date, created_at, updated_at) values ('69de6f13c7f7b685d09619ab', '69de6ed4d2ed611cdd74ff6f', 'climbable', '', null, 'hip_left', 'Left Hip', true, '2024-11-01', '2026-04-14T16:45:07.565000', '2026-04-14T19:05:03.704000') on conflict (id) do update set injury_status = excluded.injury_status, notes = excluded.notes, expected_return_date = excluded.expected_return_date, body_part_key = excluded.body_part_key, injury_title = excluded.injury_title, is_current = excluded.is_current, start_date = excluded.start_date, updated_at = excluded.updated_at;
insert into injuries (id, member_id, injury_status, notes, expected_return_date, body_part_key, injury_title, is_current, start_date, created_at, updated_at) values ('69de6c3cc1721ee6ef61c0ed', '69de6176d02099e81b39f5e5', 'no_climbing', '', null, 'left_ankle', 'Left Ankle', true, '2026-04-14', '2026-04-14T16:33:00.708000', '2026-04-14T16:33:28.421000') on conflict (id) do update set injury_status = excluded.injury_status, notes = excluded.notes, expected_return_date = excluded.expected_return_date, body_part_key = excluded.body_part_key, injury_title = excluded.injury_title, is_current = excluded.is_current, start_date = excluded.start_date, updated_at = excluded.updated_at;
insert into injuries (id, member_id, injury_status, notes, expected_return_date, body_part_key, injury_title, is_current, start_date, created_at, updated_at) values ('69de67098591facf45092c8f', '69de66ae4c1866a759800426', 'climbable', 'Capsulitus ', null, 'right_hand', 'Right Hand, Left Hand', true, '2026-03-03', '2026-04-14T16:10:49.839000', '2026-04-14T16:10:49.839000') on conflict (id) do update set injury_status = excluded.injury_status, notes = excluded.notes, expected_return_date = excluded.expected_return_date, body_part_key = excluded.body_part_key, injury_title = excluded.injury_title, is_current = excluded.is_current, start_date = excluded.start_date, updated_at = excluded.updated_at;
insert into injuries (id, member_id, injury_status, notes, expected_return_date, body_part_key, injury_title, is_current, start_date, created_at, updated_at) values ('69de6118d4ea5a7882d9ba2c', '69de60c82066868e774a911c', 'risky', 'Volar plate injury', null, 'right_middle', 'Right Middle Finger', true, '2023-02-01', '2026-04-14T15:45:28.982000', '2026-04-14T15:45:54.140000') on conflict (id) do update set injury_status = excluded.injury_status, notes = excluded.notes, expected_return_date = excluded.expected_return_date, body_part_key = excluded.body_part_key, injury_title = excluded.injury_title, is_current = excluded.is_current, start_date = excluded.start_date, updated_at = excluded.updated_at;
insert into injuries (id, member_id, injury_status, notes, expected_return_date, body_part_key, injury_title, is_current, start_date, created_at, updated_at) values ('69de5d721ab3b5a1d20778dc', '69de5d2206eb9d520685c3e0', 'risky', '', null, 'right_middle', 'Left Middle Finger, Left Ring Finger, Right Middle Finger', true, '2025-10-01', '2026-04-14T15:29:54.156000', '2026-04-14T16:56:18.744000') on conflict (id) do update set injury_status = excluded.injury_status, notes = excluded.notes, expected_return_date = excluded.expected_return_date, body_part_key = excluded.body_part_key, injury_title = excluded.injury_title, is_current = excluded.is_current, start_date = excluded.start_date, updated_at = excluded.updated_at;
insert into injuries (id, member_id, injury_status, notes, expected_return_date, body_part_key, injury_title, is_current, start_date, created_at, updated_at) values ('69dd531db3c18906836cda23', '69dd5147356d7d0ee50227a9', 'no_climbing', '', null, 'hip_right', 'Two', false, '2026-04-13', '2026-04-13T20:33:33.046000', '2026-04-13T20:33:52.117000') on conflict (id) do update set injury_status = excluded.injury_status, notes = excluded.notes, expected_return_date = excluded.expected_return_date, body_part_key = excluded.body_part_key, injury_title = excluded.injury_title, is_current = excluded.is_current, start_date = excluded.start_date, updated_at = excluded.updated_at;
insert into injuries (id, member_id, injury_status, notes, expected_return_date, body_part_key, injury_title, is_current, start_date, created_at, updated_at) values ('69dd52bde6f0e24894885260', '69dd5147356d7d0ee50227a9', 'climbable', 'Aaa', null, 'right_hand', 'Abcd', false, '2026-04-13', '2026-04-13T20:31:57.573000', '2026-04-13T20:33:51.734000') on conflict (id) do update set injury_status = excluded.injury_status, notes = excluded.notes, expected_return_date = excluded.expected_return_date, body_part_key = excluded.body_part_key, injury_title = excluded.injury_title, is_current = excluded.is_current, start_date = excluded.start_date, updated_at = excluded.updated_at;
insert into injuries (id, member_id, injury_status, notes, expected_return_date, body_part_key, injury_title, is_current, start_date, created_at, updated_at) values ('69dd51b8087332d06a5ac0d8', '69dd5147356d7d0ee50227a9', 'no_climbing', '', '0001-04-11', 'head', 'Forgotten wifi password', false, '2026-04-13', '2026-04-13T20:27:36.530000', '2026-04-13T20:31:16.219000') on conflict (id) do update set injury_status = excluded.injury_status, notes = excluded.notes, expected_return_date = excluded.expected_return_date, body_part_key = excluded.body_part_key, injury_title = excluded.injury_title, is_current = excluded.is_current, start_date = excluded.start_date, updated_at = excluded.updated_at;
insert into injuries (id, member_id, injury_status, notes, expected_return_date, body_part_key, injury_title, is_current, start_date, created_at, updated_at) values ('69dd517cd05f1e5fe957b970', '69dd5147356d7d0ee50227a9', 'risky', '
', '2025-01-01', 'right_upper_arm', 'Muscles too big', false, '2026-04-13', '2026-04-13T20:26:36.300000', '2026-04-13T20:31:15.858000') on conflict (id) do update set injury_status = excluded.injury_status, notes = excluded.notes, expected_return_date = excluded.expected_return_date, body_part_key = excluded.body_part_key, injury_title = excluded.injury_title, is_current = excluded.is_current, start_date = excluded.start_date, updated_at = excluded.updated_at;
insert into injuries (id, member_id, injury_status, notes, expected_return_date, body_part_key, injury_title, is_current, start_date, created_at, updated_at) values ('69dd4f9fb74c48618f7de56d', '69dd4f4bf6aa257f3edbb82d', 'risky', 'oh well', null, 'abdomen', 'Big belly', false, '2026-04-13', '2026-04-13T20:18:39.204000', '2026-04-13T20:25:02.538000') on conflict (id) do update set injury_status = excluded.injury_status, notes = excluded.notes, expected_return_date = excluded.expected_return_date, body_part_key = excluded.body_part_key, injury_title = excluded.injury_title, is_current = excluded.is_current, start_date = excluded.start_date, updated_at = excluded.updated_at;
insert into injury_markers (id, injury_id, body_zone_key, x_position, y_position) values ('69ef7460643e336ac6687100', '69ef7460a947f4aba589201f', 'left_ring', 15.0, 50.5) on conflict (id) do update set body_zone_key = excluded.body_zone_key, x_position = excluded.x_position, y_position = excluded.y_position;
insert into injury_markers (id, injury_id, body_zone_key, x_position, y_position) values ('69e011e2350afe13b91df56b', '69e011be7414a3cda4e51bab', 'right_ring', 85.0, 50.5) on conflict (id) do update set body_zone_key = excluded.body_zone_key, x_position = excluded.x_position, y_position = excluded.y_position;
insert into injury_markers (id, injury_id, body_zone_key, x_position, y_position) values ('69e011e2e22deab66098a726', '69e011be7414a3cda4e51bab', 'right_pinky', 83.0, 49.5) on conflict (id) do update set body_zone_key = excluded.body_zone_key, x_position = excluded.x_position, y_position = excluded.y_position;
insert into injury_markers (id, injury_id, body_zone_key, x_position, y_position) values ('69dfbfe29e07a1efd9d972fc', '69de8ae1291b9f2257a9f00b', 'right_shoulder', 68.0, 16.0) on conflict (id) do update set body_zone_key = excluded.body_zone_key, x_position = excluded.x_position, y_position = excluded.y_position;
insert into injury_markers (id, injury_id, body_zone_key, x_position, y_position) values ('69df973417c4ecc2a624a63c', '69df9733e71985cea14c2eb5', 'right_middle', 87.0, 51.0) on conflict (id) do update set body_zone_key = excluded.body_zone_key, x_position = excluded.x_position, y_position = excluded.y_position;
insert into injury_markers (id, injury_id, body_zone_key, x_position, y_position) values ('69df3175442b7357a1989434', '69df30b253d73abc28c12f54', 'right_ankle', 60.0, 82.0) on conflict (id) do update set body_zone_key = excluded.body_zone_key, x_position = excluded.x_position, y_position = excluded.y_position;
insert into injury_markers (id, injury_id, body_zone_key, x_position, y_position) values ('69df310cf87de01e5da4ba62', '69df310b2587fd6a144c99cb', 'left_ankle', 40.0, 82.0) on conflict (id) do update set body_zone_key = excluded.body_zone_key, x_position = excluded.x_position, y_position = excluded.y_position;
insert into injury_markers (id, injury_id, body_zone_key, x_position, y_position) values ('69de984348a7e7255a436a49', '69de9842362e02575a2e439c', 'head', 50.0, 5.0) on conflict (id) do update set body_zone_key = excluded.body_zone_key, x_position = excluded.x_position, y_position = excluded.y_position;
insert into injury_markers (id, injury_id, body_zone_key, x_position, y_position) values ('69de8fe1a912c45706cce7aa', '69de6f13c7f7b685d09619ab', 'hip_left', 38.0, 40.0) on conflict (id) do update set body_zone_key = excluded.body_zone_key, x_position = excluded.x_position, y_position = excluded.y_position;
insert into injury_markers (id, injury_id, body_zone_key, x_position, y_position) values ('69de8fd0a440b745da36b3ca', '69de8fcf3624ed403d194074', 'head', 50.0, 5.0) on conflict (id) do update set body_zone_key = excluded.body_zone_key, x_position = excluded.x_position, y_position = excluded.y_position;
insert into injury_markers (id, injury_id, body_zone_key, x_position, y_position) values ('69de8b87b40e128641eb10ef', '69de8b874840d6785874a140', 'right_ring', 85.0, 50.5) on conflict (id) do update set body_zone_key = excluded.body_zone_key, x_position = excluded.x_position, y_position = excluded.y_position;
insert into injury_markers (id, injury_id, body_zone_key, x_position, y_position) values ('69de8b0e373e25153f227067', '69de89f0aa45069328e91661', 'left_knee', 40.0, 60.0) on conflict (id) do update set body_zone_key = excluded.body_zone_key, x_position = excluded.x_position, y_position = excluded.y_position;
insert into injury_markers (id, injury_id, body_zone_key, x_position, y_position) values ('69de81db7808672fdae4cf9a', '69de81db29b91dfc48424d32', 'right_thumb', 91.0, 47.0) on conflict (id) do update set body_zone_key = excluded.body_zone_key, x_position = excluded.x_position, y_position = excluded.y_position;
insert into injury_markers (id, injury_id, body_zone_key, x_position, y_position) values ('69de7734ebc9f6cea628cc89', '69de77343189f76b0a793fed', 'right_thumb', 91.0, 47.0) on conflict (id) do update set body_zone_key = excluded.body_zone_key, x_position = excluded.x_position, y_position = excluded.y_position;
insert into injury_markers (id, injury_id, body_zone_key, x_position, y_position) values ('69de71b5b6576e0788509590', '69de5d721ab3b5a1d20778dc', 'right_ring', 85.0, 50.5) on conflict (id) do update set body_zone_key = excluded.body_zone_key, x_position = excluded.x_position, y_position = excluded.y_position;
insert into injury_markers (id, injury_id, body_zone_key, x_position, y_position) values ('69de71b486d2a95e9e3c2354', '69de5d721ab3b5a1d20778dc', 'left_middle', 13.0, 51.0) on conflict (id) do update set body_zone_key = excluded.body_zone_key, x_position = excluded.x_position, y_position = excluded.y_position;
insert into injury_markers (id, injury_id, body_zone_key, x_position, y_position) values ('69de71b34243057579c80d69', '69de5d721ab3b5a1d20778dc', 'right_middle', 87.0, 51.0) on conflict (id) do update set body_zone_key = excluded.body_zone_key, x_position = excluded.x_position, y_position = excluded.y_position;
insert into injury_markers (id, injury_id, body_zone_key, x_position, y_position) values ('69de6f2e75efa119b35e306d', '69de6f2ea154948c95790448', 'left_shoulder', 32.0, 16.0) on conflict (id) do update set body_zone_key = excluded.body_zone_key, x_position = excluded.x_position, y_position = excluded.y_position;
insert into injury_markers (id, injury_id, body_zone_key, x_position, y_position) values ('69de6c5844962ca2b4ae351a', '69de6c3cc1721ee6ef61c0ed', 'left_ankle', 40.0, 82.0) on conflict (id) do update set body_zone_key = excluded.body_zone_key, x_position = excluded.x_position, y_position = excluded.y_position;
insert into injury_markers (id, injury_id, body_zone_key, x_position, y_position) values ('69de670a975227df561addd0', '69de67098591facf45092c8f', 'left_hand', 14.0, 46.0) on conflict (id) do update set body_zone_key = excluded.body_zone_key, x_position = excluded.x_position, y_position = excluded.y_position;
insert into injury_markers (id, injury_id, body_zone_key, x_position, y_position) values ('69de670a94dde659f0436522', '69de67098591facf45092c8f', 'right_hand', 86.0, 46.0) on conflict (id) do update set body_zone_key = excluded.body_zone_key, x_position = excluded.x_position, y_position = excluded.y_position;
insert into injury_markers (id, injury_id, body_zone_key, x_position, y_position) values ('69de61324dd91e9891666b5c', '69de6118d4ea5a7882d9ba2c', 'right_middle', 87.0, 51.0) on conflict (id) do update set body_zone_key = excluded.body_zone_key, x_position = excluded.x_position, y_position = excluded.y_position;
insert into injury_markers (id, injury_id, body_zone_key, x_position, y_position) values ('69dd53282d67ced655c515e9', '69dd52bde6f0e24894885260', 'right_hand', 86.0, 46.0) on conflict (id) do update set body_zone_key = excluded.body_zone_key, x_position = excluded.x_position, y_position = excluded.y_position;
insert into injury_markers (id, injury_id, body_zone_key, x_position, y_position) values ('69dd531d2d67de315a03ec36', '69dd531db3c18906836cda23', 'hip_right', 62.0, 40.0) on conflict (id) do update set body_zone_key = excluded.body_zone_key, x_position = excluded.x_position, y_position = excluded.y_position;
insert into injury_markers (id, injury_id, body_zone_key, x_position, y_position) values ('69dd52695ff3d47b798132a6', '69dd517cd05f1e5fe957b970', 'head', 50.0, 5.0) on conflict (id) do update set body_zone_key = excluded.body_zone_key, x_position = excluded.x_position, y_position = excluded.y_position;
insert into injury_markers (id, injury_id, body_zone_key, x_position, y_position) values ('69dd5269baf0644760e30707', '69dd517cd05f1e5fe957b970', 'neck', 50.0, 11.0) on conflict (id) do update set body_zone_key = excluded.body_zone_key, x_position = excluded.x_position, y_position = excluded.y_position;
insert into injury_markers (id, injury_id, body_zone_key, x_position, y_position) values ('69dd526840ebd8632122a944', '69dd517cd05f1e5fe957b970', 'abdomen', 50.0, 32.0) on conflict (id) do update set body_zone_key = excluded.body_zone_key, x_position = excluded.x_position, y_position = excluded.y_position;
insert into injury_markers (id, injury_id, body_zone_key, x_position, y_position) values ('69dd5268198bfde69caceb6e', '69dd517cd05f1e5fe957b970', 'left_ring', 15.0, 50.5) on conflict (id) do update set body_zone_key = excluded.body_zone_key, x_position = excluded.x_position, y_position = excluded.y_position;
insert into injury_markers (id, injury_id, body_zone_key, x_position, y_position) values ('69dd52680aacc47439ee7c4c', '69dd517cd05f1e5fe957b970', 'right_shin', 60.0, 68.0) on conflict (id) do update set body_zone_key = excluded.body_zone_key, x_position = excluded.x_position, y_position = excluded.y_position;
insert into injury_markers (id, injury_id, body_zone_key, x_position, y_position) values ('69dd526740ebd8632122a943', '69dd517cd05f1e5fe957b970', 'right_middle', 87.0, 51.0) on conflict (id) do update set body_zone_key = excluded.body_zone_key, x_position = excluded.x_position, y_position = excluded.y_position;
insert into injury_markers (id, injury_id, body_zone_key, x_position, y_position) values ('69dd52676a3d50bdbaf88afd', '69dd517cd05f1e5fe957b970', 'left_calf', 40.0, 72.0) on conflict (id) do update set body_zone_key = excluded.body_zone_key, x_position = excluded.x_position, y_position = excluded.y_position;
insert into injury_markers (id, injury_id, body_zone_key, x_position, y_position) values ('69dd5267b82708477a0db018', '69dd517cd05f1e5fe957b970', 'left_thigh', 40.0, 50.0) on conflict (id) do update set body_zone_key = excluded.body_zone_key, x_position = excluded.x_position, y_position = excluded.y_position;
insert into injury_markers (id, injury_id, body_zone_key, x_position, y_position) values ('69dd5266a585fddfb5397983', '69dd517cd05f1e5fe957b970', 'right_thigh', 60.0, 50.0) on conflict (id) do update set body_zone_key = excluded.body_zone_key, x_position = excluded.x_position, y_position = excluded.y_position;
insert into injury_markers (id, injury_id, body_zone_key, x_position, y_position) values ('69dd526647ad711471616e5d', '69dd517cd05f1e5fe957b970', 'right_pinky', 83.0, 49.5) on conflict (id) do update set body_zone_key = excluded.body_zone_key, x_position = excluded.x_position, y_position = excluded.y_position;
insert into injury_markers (id, injury_id, body_zone_key, x_position, y_position) values ('69dd526624cdde4778b02091', '69dd517cd05f1e5fe957b970', 'right_thumb', 91.0, 47.0) on conflict (id) do update set body_zone_key = excluded.body_zone_key, x_position = excluded.x_position, y_position = excluded.y_position;
insert into injury_markers (id, injury_id, body_zone_key, x_position, y_position) values ('69dd5265087332d06a5ac215', '69dd517cd05f1e5fe957b970', 'left_thumb', 9.0, 47.0) on conflict (id) do update set body_zone_key = excluded.body_zone_key, x_position = excluded.x_position, y_position = excluded.y_position;
insert into injury_markers (id, injury_id, body_zone_key, x_position, y_position) values ('69dd5265c063e1ac70a0bf5d', '69dd517cd05f1e5fe957b970', 'left_wrist', 16.0, 42.0) on conflict (id) do update set body_zone_key = excluded.body_zone_key, x_position = excluded.x_position, y_position = excluded.y_position;
insert into injury_markers (id, injury_id, body_zone_key, x_position, y_position) values ('69dd5265ff39fb4f7fdb4aec', '69dd517cd05f1e5fe957b970', 'left_elbow', 22.0, 30.0) on conflict (id) do update set body_zone_key = excluded.body_zone_key, x_position = excluded.x_position, y_position = excluded.y_position;
insert into injury_markers (id, injury_id, body_zone_key, x_position, y_position) values ('69dd5264dd0fcb8f2df34167', '69dd517cd05f1e5fe957b970', 'left_upper_arm', 26.0, 23.0) on conflict (id) do update set body_zone_key = excluded.body_zone_key, x_position = excluded.x_position, y_position = excluded.y_position;
insert into injury_markers (id, injury_id, body_zone_key, x_position, y_position) values ('69dd5264286d8b7dd593f785', '69dd517cd05f1e5fe957b970', 'chest', 50.0, 22.0) on conflict (id) do update set body_zone_key = excluded.body_zone_key, x_position = excluded.x_position, y_position = excluded.y_position;
insert into injury_markers (id, injury_id, body_zone_key, x_position, y_position) values ('69dd526495c64ab02bed33d5', '69dd517cd05f1e5fe957b970', 'right_shoulder', 68.0, 16.0) on conflict (id) do update set body_zone_key = excluded.body_zone_key, x_position = excluded.x_position, y_position = excluded.y_position;
insert into injury_markers (id, injury_id, body_zone_key, x_position, y_position) values ('69dd52649f3b9eeab9832838', '69dd517cd05f1e5fe957b970', 'left_shoulder', 32.0, 16.0) on conflict (id) do update set body_zone_key = excluded.body_zone_key, x_position = excluded.x_position, y_position = excluded.y_position;
insert into injury_markers (id, injury_id, body_zone_key, x_position, y_position) values ('69dd5263290220e1ea7d3088', '69dd517cd05f1e5fe957b970', 'hip_right', 62.0, 40.0) on conflict (id) do update set body_zone_key = excluded.body_zone_key, x_position = excluded.x_position, y_position = excluded.y_position;
insert into injury_markers (id, injury_id, body_zone_key, x_position, y_position) values ('69dd5263e6379389835850ef', '69dd517cd05f1e5fe957b970', 'hip_left', 38.0, 40.0) on conflict (id) do update set body_zone_key = excluded.body_zone_key, x_position = excluded.x_position, y_position = excluded.y_position;
insert into injury_markers (id, injury_id, body_zone_key, x_position, y_position) values ('69dd5263bd28e9db0d5eef3e', '69dd517cd05f1e5fe957b970', 'left_knee', 40.0, 60.0) on conflict (id) do update set body_zone_key = excluded.body_zone_key, x_position = excluded.x_position, y_position = excluded.y_position;
insert into injury_markers (id, injury_id, body_zone_key, x_position, y_position) values ('69dd52627b37cb4343c037cb', '69dd517cd05f1e5fe957b970', 'left_shin', 40.0, 68.0) on conflict (id) do update set body_zone_key = excluded.body_zone_key, x_position = excluded.x_position, y_position = excluded.y_position;
insert into injury_markers (id, injury_id, body_zone_key, x_position, y_position) values ('69dd52625b0182a3f6d4a4ed', '69dd517cd05f1e5fe957b970', 'right_foot', 62.0, 88.0) on conflict (id) do update set body_zone_key = excluded.body_zone_key, x_position = excluded.x_position, y_position = excluded.y_position;
insert into injury_markers (id, injury_id, body_zone_key, x_position, y_position) values ('69dd5262a581310fdaca5614', '69dd517cd05f1e5fe957b970', 'left_foot', 38.0, 88.0) on conflict (id) do update set body_zone_key = excluded.body_zone_key, x_position = excluded.x_position, y_position = excluded.y_position;
insert into injury_markers (id, injury_id, body_zone_key, x_position, y_position) values ('69dd5261da2817a7de5d1f4a', '69dd517cd05f1e5fe957b970', 'left_ankle', 40.0, 82.0) on conflict (id) do update set body_zone_key = excluded.body_zone_key, x_position = excluded.x_position, y_position = excluded.y_position;
insert into injury_markers (id, injury_id, body_zone_key, x_position, y_position) values ('69dd5261a64b56d92ea4d13d', '69dd517cd05f1e5fe957b970', 'right_ankle', 60.0, 82.0) on conflict (id) do update set body_zone_key = excluded.body_zone_key, x_position = excluded.x_position, y_position = excluded.y_position;
insert into injury_markers (id, injury_id, body_zone_key, x_position, y_position) values ('69dd526181eb597cab5003f0', '69dd517cd05f1e5fe957b970', 'right_calf', 60.0, 72.0) on conflict (id) do update set body_zone_key = excluded.body_zone_key, x_position = excluded.x_position, y_position = excluded.y_position;
insert into injury_markers (id, injury_id, body_zone_key, x_position, y_position) values ('69dd5261fa1e51e1725a1516', '69dd517cd05f1e5fe957b970', 'right_knee', 60.0, 60.0) on conflict (id) do update set body_zone_key = excluded.body_zone_key, x_position = excluded.x_position, y_position = excluded.y_position;
insert into injury_markers (id, injury_id, body_zone_key, x_position, y_position) values ('69dd5260721a91e55857e293', '69dd517cd05f1e5fe957b970', 'right_forearm', 81.0, 36.0) on conflict (id) do update set body_zone_key = excluded.body_zone_key, x_position = excluded.x_position, y_position = excluded.y_position;
insert into injury_markers (id, injury_id, body_zone_key, x_position, y_position) values ('69dd52603f9a98d5e05d4b54', '69dd517cd05f1e5fe957b970', 'left_forearm', 19.0, 36.0) on conflict (id) do update set body_zone_key = excluded.body_zone_key, x_position = excluded.x_position, y_position = excluded.y_position;
insert into injury_markers (id, injury_id, body_zone_key, x_position, y_position) values ('69dd526008778b023478db27', '69dd517cd05f1e5fe957b970', 'right_elbow', 78.0, 30.0) on conflict (id) do update set body_zone_key = excluded.body_zone_key, x_position = excluded.x_position, y_position = excluded.y_position;
insert into injury_markers (id, injury_id, body_zone_key, x_position, y_position) values ('69dd525fbb749f9c387c1130', '69dd517cd05f1e5fe957b970', 'right_upper_arm', 74.0, 23.0) on conflict (id) do update set body_zone_key = excluded.body_zone_key, x_position = excluded.x_position, y_position = excluded.y_position;
insert into injury_markers (id, injury_id, body_zone_key, x_position, y_position) values ('69dd51b8d8f83250955bac91', '69dd51b8087332d06a5ac0d8', 'head', 50.0, 5.0) on conflict (id) do update set body_zone_key = excluded.body_zone_key, x_position = excluded.x_position, y_position = excluded.y_position;
insert into injury_markers (id, injury_id, body_zone_key, x_position, y_position) values ('69dd4f9fb1b9026947372fb7', '69dd4f9fb74c48618f7de56d', 'abdomen', 50.0, 32.0) on conflict (id) do update set body_zone_key = excluded.body_zone_key, x_position = excluded.x_position, y_position = excluded.y_position;
commit;
